minute,room,n_records,temp_mean,temp_max,hum_mean,co2_mean,co2_min,co2_max
2025-03-10 09:00:00,Canteen,6,23.05,23.23,44.95,443.167,432.0,453.0
2025-03-10 09:00:00,Lab-201,6,22.047,22.18,40.25,472.333,456.0,484.0
2025-03-10 09:00:00,Lab-305,6,22.475,22.53,42.25,447.833,443.0,452.0
2025-03-10 09:00:00,Lecture-101,6,21.463,21.51,38.3,444.0,435.0,456.0
2025-03-10 09:00:00,Library-1F,6,21.007,21.06,36.117,470.667,457.0,486.0
2025-03-10 09:00:00,Study-Hall,6,21.488,21.55,36.967,444.5,434.0,455.0
2025-03-10 09:01:00,Canteen,6,22.997,23.09,45.0,439.5,431.0,446.0
2025-03-10 09:01:00,Lab-201,6,22.122,22.2,40.033,509.333,497.0,525.0
2025-03-10 09:01:00,Lab-305,6,22.493,22.59,41.933,442.167,438.0,446.0
2025-03-10 09:01:00,Lecture-101,6,21.528,21.62,38.033,443.333,431.0,452.0
2025-03-10 09:01:00,Library-1F,6,21.118,21.29,36.517,494.833,489.0,505.0
2025-03-10 09:01:00,Study-Hall,6,21.482,21.52,37.017,448.333,439.0,454.0
2025-03-10 09:02:00,Canteen,6,22.983,23.02,45.233,429.333,419.0,441.0
2025-03-10 09:02:00,Lab-201,6,22.077,22.16,40.317,535.5,524.0,546.0
2025-03-10 09:02:00,Lab-305,6,22.492,22.61,42.017,444.0,434.0,451.0
2025-03-10 09:02:00,Lecture-101,6,21.51,21.63,37.933,443.167,429.0,458.0
2025-03-10 09:02:00,Library-1F,6,21.157,21.35,36.6,514.667,502.0,525.0
2025-03-10 09:02:00,Study-Hall,6,21.483,21.6,37.15,442.0,434.0,450.0
2025-03-10 09:03:00,Canteen,6,23.003,23.13,45.117,436.0,429.0,443.0
2025-03-10 09:03:00,Lab-201,6,22.147,22.19,40.5,565.333,557.0,575.0
2025-03-10 09:03:00,Lab-305,6,22.495,22.61,42.133,435.167,432.0,443.0
2025-03-10 09:03:00,Lecture-101,6,21.528,21.62,37.85,440.0,433.0,445.0
2025-03-10 09:03:00,Library-1F,6,21.202,21.33,36.6,536.167,528.0,552.0
2025-03-10 09:03:00,Study-Hall,6,21.468,21.56,36.983,431.0,419.0,440.0
2025-03-10 09:04:00,Canteen,6,22.962,23.04,45.067,438.333,429.0,446.0
2025-03-10 09:04:00,Lab-201,6,22.197,22.32,40.8,589.333,580.0,599.0
2025-03-10 09:04:00,Lab-305,6,22.492,22.68,41.883,436.667,428.0,447.0
2025-03-10 09:04:00,Lecture-101,6,21.435,21.63,38.033,434.667,427.0,443.0
2025-03-10 09:04:00,Library-1F,6,21.27,21.45,36.417,547.167,542.0,560.0
2025-03-10 09:04:00,Study-Hall,6,21.48,21.56,36.883,429.833,425.0,441.0
2025-03-10 09:05:00,Canteen,6,22.982,23.07,44.9,430.167,421.0,436.0
2025-03-10 09:05:00,Lab-201,6,22.273,22.46,40.833,606.667,596.0,619.0
2025-03-10 09:05:00,Lab-305,6,22.492,22.59,42.0,434.0,429.0,439.0
2025-03-10 09:05:00,Lecture-101,6,21.537,21.63,38.35,466.0,440.0,487.0
2025-03-10 09:05:00,Library-1F,6,21.273,21.43,36.95,568.5,560.0,576.0
2025-03-10 09:05:00,Study-Hall,6,21.535,21.69,36.567,426.0,415.0,431.0
2025-03-10 09:06:00,Canteen,6,23.01,23.08,45.067,431.333,426.0,442.0
2025-03-10 09:06:00,Lab-201,6,22.277,22.34,40.967,625.333,609.0,635.0
2025-03-10 09:06:00,Lab-305,6,22.495,22.55,41.95,425.667,416.0,432.0
2025-03-10 09:06:00,Lecture-101,6,21.717,21.78,38.8,516.833,490.0,537.0
2025-03-10 09:06:00,Library-1F,6,21.335,21.42,37.433,583.0,569.0,598.0
2025-03-10 09:06:00,Study-Hall,6,21.485,21.59,36.933,418.333,409.0,432.0
2025-03-10 09:07:00,Canteen,6,23.045,23.1,44.983,428.5,414.0,442.0
2025-03-10 09:07:00,Lab-201,6,22.233,22.41,41.267,645.333,628.0,656.0
2025-03-10 09:07:00,Lab-305,6,22.517,22.65,42.017,427.5,416.0,440.0
2025-03-10 09:07:00,Lecture-101,6,21.787,21.89,38.733,568.5,544.0,592.0
2025-03-10 09:07:00,Library-1F,6,21.408,21.49,37.3,601.167,597.0,607.0
2025-03-10 09:07:00,Study-Hall,6,21.482,21.6,37.083,417.0,401.0,428.0
2025-03-10 09:08:00,Canteen,6,22.985,23.1,45.367,422.167,413.0,432.0
2025-03-10 09:08:00,Lab-201,6,22.332,22.46,41.283,662.333,654.0,672.0
2025-03-10 09:08:00,Lab-305,6,22.515,22.62,42.083,423.167,417.0,431.0
2025-03-10 09:08:00,Lecture-101,6,21.853,22.05,39.317,624.333,612.0,636.0
2025-03-10 09:08:00,Library-1F,6,21.473,21.53,37.55,611.833,605.0,625.0
2025-03-10 09:08:00,Study-Hall,6,21.505,21.57,36.867,411.167,398.0,417.0
2025-03-10 09:09:00,Canteen,6,22.972,23.16,45.367,423.833,413.0,434.0
2025-03-10 09:09:00,Lab-201,6,22.327,22.43,41.4,680.333,673.0,690.0
2025-03-10 09:09:00,Lab-305,6,22.475,22.58,42.083,417.333,408.0,428.0
2025-03-10 09:09:00,Lecture-101,6,21.988,22.04,39.7,672.5,655.0,696.0
2025-03-10 09:09:00,Library-1F,6,21.472,21.61,37.9,618.333,614.0,623.0
2025-03-10 09:09:00,Study-Hall,6,21.467,21.54,37.033,408.5,398.0,420.0
2025-03-10 09:10:00,Canteen,6,23.005,23.09,45.067,415.667,412.0,423.0
2025-03-10 09:10:00,Lab-201,6,22.348,22.48,41.433,690.833,680.0,703.0
2025-03-10 09:10:00,Lab-305,6,22.562,22.69,42.033,429.667,416.0,435.0
2025-03-10 09:10:00,Lecture-101,6,21.968,22.11,40.033,704.5,689.0,726.0
2025-03-10 09:10:00,Library-1F,6,21.49,21.59,37.883,629.333,616.0,637.0
2025-03-10 09:10:00,Study-Hall,6,21.493,21.56,36.967,559.423,391.0,1335.54
2025-03-10 09:11:00,Canteen,6,22.99,23.06,44.683,417.833,410.0,422.0
2025-03-10 09:11:00,Lab-201,6,22.348,22.48,41.65,699.333,689.0,710.0
2025-03-10 09:11:00,Lab-305,6,22.568,22.76,42.333,446.167,440.0,455.0
2025-03-10 09:11:00,Lecture-101,6,22.095,22.17,39.983,739.0,725.0,752.0
2025-03-10 09:11:00,Library-1F,6,21.497,21.6,38.25,642.667,626.0,660.0
2025-03-10 09:11:00,Study-Hall,6,21.465,21.57,37.1,410.0,403.0,425.0
2025-03-10 09:12:00,Canteen,6,22.943,23.1,45.067,423.167,417.0,432.0
2025-03-10 09:12:00,Lab-201,6,22.353,22.51,41.45,712.0,706.0,720.0
2025-03-10 09:12:00,Lab-305,6,22.557,22.62,42.267,467.833,462.0,475.0
2025-03-10 09:12:00,Lecture-101,6,22.155,22.21,40.533,768.0,752.0,784.0
2025-03-10 09:12:00,Library-1F,6,21.485,21.56,38.067,659.333,651.0,673.0
2025-03-10 09:12:00,Study-Hall,6,21.503,21.6,36.817,409.167,399.0,419.0
2025-03-10 09:13:00,Canteen,6,23.045,23.19,45.017,423.333,407.0,431.0
2025-03-10 09:13:00,Lab-201,6,22.393,22.51,41.417,722.167,717.0,732.0
2025-03-10 09:13:00,Lab-305,6,22.635,22.67,42.383,479.833,472.0,483.0
2025-03-10 09:13:00,Lecture-101,6,22.148,22.26,40.683,805.667,788.0,819.0
2025-03-10 09:13:00,Library-1F,6,21.575,21.69,38.317,661.833,655.0,666.0
2025-03-10 09:13:00,Study-Hall,6,21.49,21.56,37.0,415.667,413.0,420.0
2025-03-10 09:14:00,Canteen,6,22.992,23.05,44.683,419.833,410.0,433.0
2025-03-10 09:14:00,Lab-201,6,22.403,22.49,41.7,728.333,713.0,742.0
2025-03-10 09:14:00,Lab-305,6,22.635,22.87,42.933,503.0,494.0,512.0
2025-03-10 09:14:00,Lecture-101,6,22.225,22.36,40.8,825.833,814.0,835.0
2025-03-10 09:14:00,Library-1F,6,21.582,21.62,38.317,673.5,668.0,678.0
2025-03-10 09:14:00,Study-Hall,6,22.187,25.69,37.067,414.333,408.0,420.0
2025-03-10 09:15:00,Canteen,6,22.97,23.1,44.95,428.333,419.0,438.0
2025-03-10 09:15:00,Lab-201,6,22.467,22.57,41.717,736.0,725.0,743.0
2025-03-10 09:15:00,Lab-305,6,22.677,22.75,42.583,522.667,511.0,539.0
2025-03-10 09:15:00,Lecture-101,6,22.283,22.34,40.9,851.833,845.0,870.0
2025-03-10 09:15:00,Library-1F,6,21.575,21.68,38.5,678.667,665.0,683.0
2025-03-10 09:15:00,Study-Hall,6,21.527,21.66,36.717,413.333,410.0,420.0
2025-03-10 09:16:00,Canteen,6,22.978,23.08,45.133,424.333,416.0,433.0
2025-03-10 09:16:00,Lab-201,6,22.498,22.7,41.8,738.833,721.0,748.0
2025-03-10 09:16:00,Lab-305,6,22.72,22.84,42.517,547.167,531.0,566.0
2025-03-10 09:16:00,Lecture-101,6,22.29,22.38,41.233,883.833,869.0,898.0
2025-03-10 09:16:00,Library-1F,6,21.582,21.64,38.533,681.667,672.0,691.0
2025-03-10 09:16:00,Study-Hall,6,21.468,21.56,37.283,420.0,415.0,425.0
2025-03-10 09:17:00,Canteen,6,22.998,23.15,45.033,423.333,415.0,431.0
2025-03-10 09:17:00,Lab-201,6,22.428,22.52,41.983,743.5,740.0,748.0
2025-03-10 09:17:00,Lab-305,6,22.752,22.8,43.1,566.667,561.0,573.0
2025-03-10 09:17:00,Lecture-101,6,22.37,22.46,41.333,907.333,895.0,912.0
2025-03-10 09:17:00,Library-1F,6,21.665,21.72,38.5,689.167,682.0,700.0
2025-03-10 09:17:00,Study-Hall,6,21.51,21.65,36.917,412.667,398.0,420.0
2025-03-10 09:18:00,Canteen,6,22.977,23.06,44.9,427.0,421.0,435.0
2025-03-10 09:18:00,Lab-201,6,22.393,22.48,41.9,752.5,745.0,762.0
2025-03-10 09:18:00,Lab-305,6,22.837,23.02,42.9,597.833,591.0,604.0
2025-03-10 09:18:00,Lecture-101,6,22.41,22.48,41.683,930.0,917.0,947.0
2025-03-10 09:18:00,Library-1F,6,21.672,21.77,38.65,693.833,683.0,700.0
2025-03-10 09:18:00,Study-Hall,6,21.507,21.72,36.967,419.0,412.0,433.0
2025-03-10 09:19:00,Canteen,6,22.957,23.06,44.8,423.0,407.0,432.0
2025-03-10 09:19:00,Lab-201,6,22.465,22.55,42.0,756.833,751.0,762.0
2025-03-10 09:19:00,Lab-305,6,22.84,22.94,43.0,623.167,610.0,641.0
2025-03-10 09:19:00,Lecture-101,6,22.433,22.56,41.683,944.833,934.0,957.0
2025-03-10 09:19:00,Library-1F,6,21.698,21.89,39.05,691.833,682.0,696.0
2025-03-10 09:19:00,Study-Hall,6,21.505,21.62,36.75,418.5,410.0,425.0
2025-03-10 09:20:00,Canteen,6,23.14,23.22,45.383,479.333,447.0,523.0
2025-03-10 09:20:00,Lab-201,6,22.488,22.56,41.833,758.167,751.0,771.0
2025-03-10 09:20:00,Lab-305,6,22.78,22.95,43.1,635.333,616.0,648.0
2025-03-10 09:20:00,Lecture-101,6,22.442,22.51,41.833,962.333,953.0,983.0
2025-03-10 09:20:00,Library-1F,6,21.657,21.72,38.867,697.0,690.0,702.0
2025-03-10 09:20:00,Study-Hall,6,21.497,21.72,37.033,419.167,405.0,426.0
2025-03-10 09:21:00,Canteen,6,23.272,23.46,46.1,557.5,536.0,582.0
2025-03-10 09:21:00,Lab-201,6,22.472,22.54,42.133,761.667,750.0,771.0
2025-03-10 09:21:00,Lab-305,6,22.823,22.96,43.3,652.5,644.0,670.0
2025-03-10 09:21:00,Lecture-101,6,22.473,22.59,41.967,976.5,972.0,982.0
2025-03-10 09:21:00,Library-1F,6,21.678,21.84,39.083,706.333,698.0,714.0
2025-03-10 09:21:00,Study-Hall,6,21.532,21.58,37.167,415.167,399.0,425.0
2025-03-10 09:22:00,Canteen,6,23.415,23.49,46.183,621.5,589.0,645.0
2025-03-10 09:22:00,Lab-201,6,22.518,22.6,42.033,763.5,752.0,775.0
2025-03-10 09:22:00,Lab-305,6,22.848,22.96,43.017,685.667,676.0,693.0
2025-03-10 09:22:00,Lecture-101,6,22.505,22.57,42.133,990.833,983.0,1000.0
2025-03-10 09:22:00,Library-1F,6,21.682,21.82,39.067,702.667,699.0,711.0
2025-03-10 09:22:00,Study-Hall,6,21.56,21.63,37.017,412.833,403.0,422.0
2025-03-10 09:23:00,Canteen,6,23.522,23.58,46.933,669.5,651.0,686.0
2025-03-10 09:23:00,Lab-201,6,22.463,22.57,41.767,763.0,750.0,772.0
2025-03-10 09:23:00,Lab-305,6,22.8,22.87,43.333,710.5,694.0,721.0
2025-03-10 09:23:00,Lecture-101,6,22.435,22.54,42.133,1008.833,1000.0,1017.0
2025-03-10 09:23:00,Library-1F,6,21.692,21.78,38.767,703.833,693.0,714.0
2025-03-10 09:23:00,Study-Hall,6,21.513,21.58,36.783,410.333,407.0,418.0
2025-03-10 09:24:00,Canteen,6,23.62,23.73,47.417,713.0,697.0,736.0
2025-03-10 09:24:00,Lab-201,6,22.438,22.54,42.367,771.667,769.0,780.0
2025-03-10 09:24:00,Lab-305,6,22.815,22.92,47.2,726.0,716.0,741.0
2025-03-10 09:24:00,Lecture-101,6,22.482,22.59,42.617,1015.667,1008.0,1019.0
2025-03-10 09:24:00,Library-1F,6,21.678,21.78,39.167,710.833,700.0,722.0
2025-03-10 09:24:00,Study-Hall,6,21.488,21.55,36.783,408.5,399.0,418.0
2025-03-10 09:25:00,Canteen,6,23.788,23.91,47.533,745.167,735.0,765.0
2025-03-10 09:25:00,Lab-201,6,22.485,22.57,42.383,778.333,768.0,784.0
2025-03-10 09:25:00,Lab-305,6,22.865,22.96,43.25,746.333,729.0,765.0
2025-03-10 09:25:00,Lecture-101,6,22.563,22.63,42.767,1033.5,1022.0,1042.0
2025-03-10 09:25:00,Library-1F,6,21.675,21.77,39.183,702.833,686.0,710.0
2025-03-10 09:25:00,Study-Hall,6,21.55,21.64,36.833,407.833,401.0,421.0
2025-03-10 09:26:00,Canteen,6,23.912,24.04,48.333,780.667,757.0,794.0
2025-03-10 09:26:00,Lab-201,6,22.5,22.59,42.05,770.667,764.0,776.0
2025-03-10 09:26:00,Lab-305,6,22.832,22.93,43.467,760.167,750.0,773.0
2025-03-10 09:26:00,Lecture-101,6,22.523,22.62,42.583,1046.667,1036.0,1055.0
2025-03-10 09:26:00,Library-1F,6,21.693,21.73,39.0,712.5,704.0,719.0
2025-03-10 09:26:00,Study-Hall,6,21.492,21.58,37.25,407.167,402.0,412.0
2025-03-10 09:27:00,Canteen,6,23.99,24.09,48.7,798.667,786.0,810.0
2025-03-10 09:27:00,Lab-201,6,22.523,22.63,42.333,768.833,757.0,780.0
2025-03-10 09:27:00,Lab-305,6,22.922,23.01,43.683,781.333,767.0,791.0
2025-03-10 09:27:00,Lecture-101,6,22.563,22.64,42.583,1053.167,1035.0,1062.0
2025-03-10 09:27:00,Library-1F,6,21.748,21.83,38.95,715.667,711.0,726.0
2025-03-10 09:27:00,Study-Hall,6,21.547,21.63,37.083,409.333,403.0,419.0
2025-03-10 09:28:00,Canteen,6,24.032,24.07,49.033,822.167,809.0,827.0
2025-03-10 09:28:00,Lab-201,6,22.562,22.78,42.167,774.5,765.0,789.0
2025-03-10 09:28:00,Lab-305,6,22.928,23.04,43.6,796.167,789.0,804.0
2025-03-10 09:28:00,Lecture-101,6,22.598,22.67,42.6,1061.167,1054.0,1065.0
2025-03-10 09:28:00,Library-1F,6,21.673,21.78,39.017,725.167,713.0,735.0
2025-03-10 09:28:00,Study-Hall,6,21.512,21.65,36.833,411.5,403.0,425.0
2025-03-10 09:29:00,Canteen,6,24.08,24.27,49.167,835.833,826.0,844.0
2025-03-10 09:29:00,Lab-201,6,22.49,22.57,42.167,773.0,767.0,779.0
2025-03-10 09:29:00,Lab-305,6,22.933,23.08,43.783,815.167,810.0,823.0
2025-03-10 09:29:00,Lecture-101,6,22.582,22.68,42.967,1076.0,1065.0,1085.0
2025-03-10 09:29:00,Library-1F,6,21.712,21.78,38.9,716.333,711.0,720.0
2025-03-10 09:29:00,Study-Hall,6,21.522,21.63,36.717,411.5,401.0,422.0
2025-03-10 09:30:00,Canteen,6,24.15,24.27,49.383,852.5,839.0,867.0
2025-03-10 09:30:00,Lab-201,6,22.508,22.61,42.183,773.0,764.0,780.0
2025-03-10 09:30:00,Lab-305,6,22.913,22.95,43.75,834.333,821.0,848.0
2025-03-10 09:30:00,Lecture-101,6,22.633,22.77,43.117,1088.167,1083.0,1092.0
2025-03-10 09:30:00,Library-1F,6,21.72,21.77,39.433,716.333,704.0,725.0
2025-03-10 09:30:00,Study-Hall,6,21.518,21.63,37.267,426.0,410.0,433.0
2025-03-10 09:31:00,Canteen,6,24.202,24.28,49.967,853.667,849.0,860.0
2025-03-10 09:31:00,Lab-201,6,22.523,22.7,42.25,779.0,774.0,784.0
2025-03-10 09:31:00,Lab-305,6,22.863,23.01,43.667,853.0,839.0,866.0
2025-03-10 09:31:00,Lecture-101,6,22.592,22.67,43.067,1092.5,1084.0,1099.0
2025-03-10 09:31:00,Library-1F,6,21.745,21.86,39.183,715.0,709.0,721.0
2025-03-10 09:31:00,Study-Hall,6,21.622,21.82,37.55,465.0,448.0,478.0
2025-03-10 09:32:00,Canteen,6,24.283,24.37,50.117,859.167,853.0,865.0
2025-03-10 09:32:00,Lab-201,6,22.498,22.63,42.417,781.5,774.0,791.0
2025-03-10 09:32:00,Lab-305,6,22.903,22.97,44.0,867.0,857.0,878.0
2025-03-10 09:32:00,Lecture-101,6,22.597,22.7,42.967,1095.167,1089.0,1106.0
2025-03-10 09:32:00,Library-1F,6,21.722,21.8,39.433,716.667,707.0,727.0
2025-03-10 09:32:00,Study-Hall,6,21.677,21.76,37.733,499.667,485.0,519.0
2025-03-10 09:33:00,Canteen,6,24.255,24.4,50.183,869.0,859.0,876.0
2025-03-10 09:33:00,Lab-201,6,22.498,22.54,42.283,774.0,762.0,780.0
2025-03-10 09:33:00,Lab-305,6,22.913,23.06,43.733,886.5,881.0,895.0
2025-03-10 09:33:00,Lecture-101,6,22.61,22.74,43.217,1102.333,1097.0,1111.0
2025-03-10 09:33:00,Library-1F,6,21.715,21.78,39.5,715.833,706.0,725.0
2025-03-10 09:33:00,Study-Hall,6,21.748,21.79,37.917,537.333,522.0,560.0
2025-03-10 09:34:00,Canteen,6,24.382,24.48,50.767,872.833,869.0,878.0
2025-03-10 09:34:00,Lab-201,6,22.553,22.61,42.017,782.833,773.0,798.0
2025-03-10 09:34:00,Lab-305,6,22.907,23.03,43.95,906.333,888.0,916.0
2025-03-10 09:34:00,Lecture-101,6,22.663,22.72,43.0,1104.333,1093.0,1111.0
2025-03-10 09:34:00,Library-1F,6,21.697,21.78,39.333,713.333,707.0,730.0
2025-03-10 09:34:00,Study-Hall,6,21.817,21.91,38.267,573.667,561.0,593.0
2025-03-10 09:35:00,Canteen,6,24.442,24.55,50.633,872.0,865.0,877.0
2025-03-10 09:35:00,Lab-201,6,22.523,22.64,42.383,778.833,770.0,794.0
2025-03-10 09:35:00,Lab-305,6,22.955,23.07,43.433,919.0,909.0,929.0
2025-03-10 09:35:00,Lecture-101,6,22.658,22.75,43.083,1110.0,1101.0,1123.0
2025-03-10 09:35:00,Library-1F,6,21.705,21.82,39.217,712.667,701.0,721.0
2025-03-10 09:35:00,Study-Hall,6,21.872,21.92,38.717,611.333,595.0,632.0
2025-03-10 09:36:00,Canteen,6,24.465,24.59,51.083,875.5,865.0,882.0
2025-03-10 09:36:00,Lab-201,6,22.558,22.71,42.467,769.667,762.0,777.0
2025-03-10 09:36:00,Lab-305,6,22.917,22.99,43.867,936.833,931.0,945.0
2025-03-10 09:36:00,Lecture-101,6,22.64,22.71,43.233,1123.5,1109.0,1141.0
2025-03-10 09:36:00,Library-1F,6,21.69,21.73,39.417,716.0,710.0,723.0
2025-03-10 09:36:00,Study-Hall,6,21.935,22.03,38.567,634.5,626.0,641.0
2025-03-10 09:37:00,Canteen,6,24.465,24.53,51.383,882.333,880.0,885.0
2025-03-10 09:37:00,Lab-201,6,22.523,22.65,42.5,772.833,765.0,780.0
2025-03-10 09:37:00,Lab-305,6,22.92,23.09,44.0,957.0,953.0,960.0
2025-03-10 09:37:00,Lecture-101,6,22.69,22.77,43.45,1126.833,1119.0,1143.0
2025-03-10 09:37:00,Library-1F,6,21.728,21.82,39.75,718.333,710.0,727.0
2025-03-10 09:37:00,Study-Hall,6,21.943,22.02,38.617,654.0,632.0,668.0
2025-03-10 09:38:00,Canteen,6,24.535,24.68,51.283,883.667,879.0,889.0
2025-03-10 09:38:00,Lab-201,6,22.5,22.55,42.75,783.167,775.0,796.0
2025-03-10 09:38:00,Lab-305,6,22.927,22.98,44.267,969.0,955.0,974.0
2025-03-10 09:38:00,Lecture-101,6,22.678,22.73,43.783,1130.667,1121.0,1135.0
2025-03-10 09:38:00,Library-1F,6,21.708,21.8,39.367,713.167,709.0,717.0
2025-03-10 09:38:00,Study-Hall,6,21.993,22.09,38.967,664.667,655.0,669.0
2025-03-10 09:39:00,Canteen,6,24.505,24.61,51.433,879.5,867.0,892.0
2025-03-10 09:39:00,Lab-201,6,22.547,22.74,42.633,778.667,776.0,782.0
2025-03-10 09:39:00,Lab-305,6,22.897,22.99,44.083,980.833,974.0,990.0
2025-03-10 09:39:00,Lecture-101,6,22.715,22.85,43.5,1120.333,1115.0,1124.0
2025-03-10 09:39:00,Library-1F,6,21.74,21.87,39.75,717.833,713.0,727.0
2025-03-10 09:39:00,Study-Hall,6,22.068,22.19,39.133,697.333,686.0,709.0
2025-03-10 09:40:00,Canteen,6,24.495,24.58,51.6,888.167,884.0,896.0
2025-03-10 09:40:00,Lab-201,6,22.512,22.58,42.5,777.333,772.0,787.0
2025-03-10 09:40:00,Lab-305,6,22.872,22.97,44.033,995.0,990.0,1002.0
2025-03-10 09:40:00,Lecture-101,6,22.627,22.69,43.717,1119.5,1108.0,1131.0
2025-03-10 09:40:00,Library-1F,6,21.715,21.79,39.55,722.0,716.0,730.0
2025-03-10 09:40:00,Study-Hall,6,22.085,22.23,39.383,711.667,698.0,726.0
2025-03-10 09:41:00,Canteen,6,24.555,24.7,51.9,889.0,880.0,898.0
2025-03-10 09:41:00,Lab-201,6,22.5,22.6,42.633,780.5,771.0,791.0
2025-03-10 09:41:00,Lab-305,6,22.965,23.05,44.033,1007.667,1001.0,1016.0
2025-03-10 09:41:00,Lecture-101,6,22.682,22.76,43.533,1117.667,1111.0,1129.0
2025-03-10 09:41:00,Library-1F,6,21.755,21.79,39.3,720.667,712.0,727.0
2025-03-10 09:41:00,Study-Hall,6,22.058,22.22,39.25,727.0,720.0,736.0
2025-03-10 09:42:00,Canteen,6,24.65,24.74,51.967,894.5,890.0,900.0
2025-03-10 09:42:00,Lab-201,6,22.538,22.66,42.367,774.0,760.0,781.0
2025-03-10 09:42:00,Lab-305,6,22.873,22.93,43.967,1028.0,1020.0,1042.0
2025-03-10 09:42:00,Lecture-101,6,22.69,22.8,43.533,1123.333,1120.0,1130.0
2025-03-10 09:42:00,Library-1F,6,21.798,21.9,39.067,724.833,722.0,728.0
2025-03-10 09:42:00,Study-Hall,6,22.147,22.31,39.2,741.833,730.0,754.0
2025-03-10 09:43:00,Canteen,6,24.61,24.72,51.833,898.333,890.0,910.0
2025-03-10 09:43:00,Lab-201,6,22.463,22.55,42.533,770.833,764.0,776.0
2025-03-10 09:43:00,Lab-305,6,22.923,23.1,43.85,1055.167,1046.0,1065.0
2025-03-10 09:43:00,Lecture-101,6,22.7,22.84,43.533,1131.167,1125.0,1139.0
2025-03-10 09:43:00,Library-1F,6,21.747,21.82,39.9,726.167,718.0,735.0
2025-03-10 09:43:00,Study-Hall,6,22.148,22.25,39.7,759.5,752.0,775.0
2025-03-10 09:44:00,Canteen,6,24.642,24.71,52.4,894.0,891.0,896.0
2025-03-10 09:44:00,Lab-201,6,22.538,22.71,42.667,767.167,752.0,777.0
2025-03-10 09:44:00,Lab-305,6,22.913,23.05,44.133,1075.167,1063.0,1092.0
2025-03-10 09:44:00,Lecture-101,6,22.663,22.81,43.467,1121.333,1119.0,1126.0
2025-03-10 09:44:00,Library-1F,6,21.748,21.86,39.933,718.667,712.0,725.0
2025-03-10 09:44:00,Study-Hall,6,22.203,22.37,39.767,777.0,766.0,790.0
2025-03-10 09:45:00,Canteen,6,24.653,24.71,52.15,896.833,885.0,909.0
2025-03-10 09:45:00,Lab-201,6,22.562,22.64,42.633,774.333,760.0,783.0
2025-03-10 09:45:00,Lab-305,6,22.987,23.07,44.05,1095.833,1089.0,1100.0
2025-03-10 09:45:00,Lecture-101,6,22.7,22.79,43.6,1123.0,1118.0,1125.0
2025-03-10 09:45:00,Library-1F,6,21.752,21.89,39.667,717.0,707.0,726.0
2025-03-10 09:45:00,Study-Hall,6,22.198,22.28,40.033,784.833,775.0,794.0
2025-03-10 09:46:00,Canteen,6,24.658,24.77,52.5,902.667,894.0,917.0
2025-03-10 09:46:00,Lab-201,6,22.538,22.72,42.45,774.667,771.0,782.0
2025-03-10 09:46:00,Lab-305,6,22.932,23.02,44.1,1104.667,1100.0,1113.0
2025-03-10 09:46:00,Lecture-101,6,22.698,22.87,43.733,1122.833,1114.0,1127.0
2025-03-10 09:46:00,Library-1F,6,21.733,21.8,39.4,724.5,719.0,728.0
2025-03-10 09:46:00,Study-Hall,6,22.257,22.35,40.0,790.833,783.0,798.0
2025-03-10 09:47:00,Canteen,6,24.68,24.74,52.617,897.333,890.0,906.0
2025-03-10 09:47:00,Lab-201,6,22.553,22.59,42.65,779.167,767.0,789.0
2025-03-10 09:47:00,Lab-305,6,22.882,22.95,43.75,1125.333,1114.0,1136.0
2025-03-10 09:47:00,Lecture-101,6,22.697,22.78,43.65,1127.167,1117.0,1137.0
2025-03-10 09:47:00,Library-1F,6,21.74,21.85,43.753,716.833,706.0,730.0
2025-03-10 09:47:00,Study-Hall,6,22.238,22.26,39.917,802.333,798.0,809.0
2025-03-10 09:48:00,Canteen,6,24.695,24.85,52.467,895.0,886.0,905.0
2025-03-10 09:48:00,Lab-201,6,22.557,22.63,42.567,775.5,768.0,789.0
2025-03-10 09:48:00,Lab-305,6,22.983,23.07,44.2,1152.5,1137.0,1167.0
2025-03-10 09:48:00,Lecture-101,6,22.677,22.85,43.8,1136.667,1128.0,1144.0
2025-03-10 09:48:00,Library-1F,6,21.725,21.79,39.567,721.0,715.0,730.0
2025-03-10 09:48:00,Study-Hall,6,22.207,22.25,40.183,806.833,802.0,810.0
2025-03-10 09:49:00,Canteen,6,24.752,24.85,52.833,889.0,883.0,894.0
2025-03-10 09:49:00,Lab-201,6,22.518,22.55,42.617,776.333,766.0,783.0
2025-03-10 09:49:00,Lab-305,6,22.882,23.01,44.033,1172.833,1164.0,1188.0
2025-03-10 09:49:00,Lecture-101,6,22.665,22.8,43.75,1128.5,1124.0,1135.0
2025-03-10 09:49:00,Library-1F,6,21.795,21.86,39.7,721.0,719.0,725.0
2025-03-10 09:49:00,Study-Hall,6,22.288,22.39,40.283,814.667,806.0,819.0
2025-03-10 09:50:00,Canteen,6,24.612,24.71,52.35,832.333,800.0,864.0
2025-03-10 09:50:00,Lab-201,6,22.533,22.6,42.533,781.833,773.0,791.0
2025-03-10 09:50:00,Lab-305,6,22.988,23.12,44.05,1188.0,1177.0,1201.0
2025-03-10 09:50:00,Lecture-101,6,22.672,22.8,43.7,1127.667,1119.0,1135.0
2025-03-10 09:50:00,Library-1F,6,21.71,21.85,39.367,725.833,721.0,732.0
2025-03-10 09:50:00,Study-Hall,6,22.297,22.38,40.267,813.833,798.0,832.0
2025-03-10 09:51:00,Canteen,6,24.47,24.67,51.9,758.5,716.0,795.0
2025-03-10 09:51:00,Lab-201,6,22.56,22.66,42.483,779.667,774.0,790.0
2025-03-10 09:51:00,Lab-305,6,22.958,23.1,44.35,1206.833,1200.0,1216.0
2025-03-10 09:51:00,Lecture-101,6,22.728,22.77,43.817,1126.5,1120.0,1134.0
2025-03-10 09:51:00,Library-1F,6,21.777,21.87,39.65,724.333,719.0,739.0
2025-03-10 09:51:00,Study-Hall,6,22.3,22.44,40.567,822.667,818.0,828.0
2025-03-10 09:52:00,Canteen,6,24.312,24.42,51.683,692.5,672.0,713.0
2025-03-10 09:52:00,Lab-201,6,22.568,22.66,42.65,774.333,758.0,782.0
2025-03-10 09:52:00,Lab-305,6,22.942,23.02,44.367,1226.167,1220.0,1233.0
2025-03-10 09:52:00,Lecture-101,6,22.63,22.73,44.017,1136.333,1122.0,1144.0
2025-03-10 09:52:00,Library-1F,6,21.795,21.87,39.467,722.333,714.0,733.0
2025-03-10 09:52:00,Study-Hall,6,23.092,26.84,40.633,829.333,823.0,838.0
2025-03-10 09:53:00,Canteen,6,24.157,24.24,50.65,642.0,616.0,663.0
2025-03-10 09:53:00,Lab-201,6,22.545,22.65,42.733,785.833,780.0,793.0
2025-03-10 09:53:00,Lab-305,6,22.98,23.08,44.267,1242.5,1226.0,1258.0
2025-03-10 09:53:00,Lecture-101,6,22.7,22.87,43.767,1136.0,1129.0,1141.0
2025-03-10 09:53:00,Library-1F,6,21.767,21.93,39.8,722.167,713.0,726.0
2025-03-10 09:53:00,Study-Hall,6,22.328,22.37,40.5,839.333,824.0,853.0
2025-03-10 09:54:00,Canteen,6,24.152,24.21,50.817,594.333,576.0,613.0
2025-03-10 09:54:00,Lab-201,6,22.522,22.58,42.583,785.833,777.0,795.0
2025-03-10 09:54:00,Lab-305,6,22.957,23.09,44.283,1265.667,1255.0,1277.0
2025-03-10 09:54:00,Lecture-101,6,22.682,22.75,43.833,1133.833,1129.0,1138.0
2025-03-10 09:54:00,Library-1F,6,21.775,21.81,39.5,722.0,715.0,731.0
2025-03-10 09:54:00,Study-Hall,6,22.36,22.51,40.75,835.333,828.0,841.0
2025-03-10 09:55:00,Canteen,6,24.015,24.13,50.35,565.667,550.0,586.0
2025-03-10 09:55:00,Lab-201,6,22.49,22.55,42.567,782.167,775.0,789.0
2025-03-10 09:55:00,Lab-305,6,22.955,23.11,44.117,1280.5,1265.0,1294.0
2025-03-10 09:55:00,Lecture-101,6,23.535,24.23,43.917,1138.667,1134.0,1143.0
2025-03-10 09:55:00,Library-1F,6,21.773,21.88,39.7,713.5,707.0,723.0
2025-03-10 09:55:00,Study-Hall,6,22.322,22.4,40.767,841.167,829.0,853.0
2025-03-10 09:56:00,Canteen,6,23.907,23.97,50.167,538.0,528.0,547.0
2025-03-10 09:56:00,Lab-201,6,22.525,22.6,42.65,779.5,772.0,788.0
2025-03-10 09:56:00,Lab-305,6,22.952,23.02,44.217,1298.0,1274.0,1310.0
2025-03-10 09:56:00,Lecture-101,6,25.028,25.7,43.983,1135.333,1129.0,1147.0
2025-03-10 09:56:00,Library-1F,6,21.7,21.8,39.8,720.0,716.0,728.0
2025-03-10 09:56:00,Study-Hall,6,22.323,22.41,40.733,844.333,838.0,850.0
2025-03-10 09:57:00,Canteen,6,23.805,23.85,50.033,523.833,507.0,541.0
2025-03-10 09:57:00,Lab-201,6,22.547,22.63,42.783,785.167,778.0,792.0
2025-03-10 09:57:00,Lab-305,6,22.923,23.08,43.883,1313.0,1309.0,1318.0
2025-03-10 09:57:00,Lecture-101,6,26.525,27.07,44.117,1135.833,1131.0,1141.0
2025-03-10 09:57:00,Library-1F,6,21.752,21.78,39.583,714.833,711.0,720.0
2025-03-10 09:57:00,Study-Hall,6,22.308,22.41,40.467,839.833,831.0,848.0
2025-03-10 09:58:00,Canteen,6,23.693,23.79,49.517,506.5,501.0,518.0
2025-03-10 09:58:00,Lab-201,6,22.52,22.6,42.7,782.333,772.0,789.0
2025-03-10 09:58:00,Lab-305,6,22.933,23.12,44.167,1329.833,1316.0,1339.0
2025-03-10 09:58:00,Lecture-101,6,28.112,28.69,43.817,1131.667,1117.0,1147.0
2025-03-10 09:58:00,Library-1F,6,21.732,21.87,39.733,708.333,699.0,719.0
2025-03-10 09:58:00,Study-Hall,6,22.37,22.48,40.517,841.333,830.0,855.0
2025-03-10 09:59:00,Canteen,6,23.643,23.73,48.8,491.667,483.0,499.0
2025-03-10 09:59:00,Lab-201,6,22.573,22.66,42.633,782.833,769.0,789.0
2025-03-10 09:59:00,Lab-305,6,22.975,23.16,44.183,1342.167,1335.0,1352.0
2025-03-10 09:59:00,Lecture-101,6,29.588,30.2,43.917,1125.5,1112.0,1136.0
2025-03-10 09:59:00,Library-1F,6,21.758,21.91,39.717,712.333,703.0,728.0
2025-03-10 09:59:00,Study-Hall,6,22.328,22.43,40.55,845.833,838.0,851.0
2025-03-10 10:00:00,Canteen,6,23.795,23.86,49.383,539.667,503.0,581.0
2025-03-10 10:00:00,Lab-201,6,22.55,22.68,42.833,758.5,738.0,782.0
2025-03-10 10:00:00,Lab-305,6,22.978,23.06,44.05,1358.667,1343.0,1367.0
2025-03-10 10:00:00,Lecture-101,6,28.57,29.62,43.6,1138.167,1130.0,1151.0
2025-03-10 10:00:00,Library-1F,6,21.75,21.84,39.583,716.833,709.0,727.0
2025-03-10 10:00:00,Study-Hall,6,22.393,22.55,41.2,845.167,835.0,853.0
2025-03-10 10:01:00,Canteen,6,23.85,24.03,49.9,627.5,587.0,659.0
2025-03-10 10:01:00,Lab-201,6,22.507,22.57,42.65,728.667,714.0,740.0
2025-03-10 10:01:00,Lab-305,6,22.955,23.06,44.217,1376.167,1362.0,1389.0
2025-03-10 10:01:00,Lecture-101,6,26.517,27.18,43.7,1134.0,1127.0,1141.0
2025-03-10 10:01:00,Library-1F,6,21.71,21.77,39.8,717.667,709.0,723.0
2025-03-10 10:01:00,Study-Hall,6,22.332,22.37,40.733,855.0,840.0,862.0
2025-03-10 10:02:00,Canteen,6,23.99,24.13,50.0,702.333,665.0,731.0
2025-03-10 10:02:00,Lab-201,6,22.442,22.61,42.683,699.0,687.0,710.0
2025-03-10 10:02:00,Lab-305,6,23.02,23.07,44.2,1395.333,1386.0,1404.0
2025-03-10 10:02:00,Lecture-101,6,25.11,25.59,44.067,1136.167,1126.0,1147.0
2025-03-10 10:02:00,Library-1F,6,21.743,21.88,39.817,711.5,702.0,721.0
2025-03-10 10:02:00,Study-Hall,6,22.377,22.47,41.133,857.333,851.0,863.0
2025-03-10 10:03:00,Canteen,6,24.043,24.14,50.417,750.333,728.0,770.0
2025-03-10 10:03:00,Lab-201,6,22.388,22.46,42.133,663.167,658.0,668.0
2025-03-10 10:03:00,Lab-305,6,22.922,23.09,44.317,1414.833,1399.0,1432.0
2025-03-10 10:03:00,Lecture-101,6,24.288,24.64,43.967,1129.333,1122.0,1140.0
2025-03-10 10:03:00,Library-1F,6,21.81,21.95,39.817,714.5,707.0,721.0
2025-03-10 10:03:00,Study-Hall,6,22.388,22.46,41.283,857.5,852.0,865.0
2025-03-10 10:04:00,Canteen,6,24.188,24.29,50.633,789.667,771.0,807.0
2025-03-10 10:04:00,Lab-201,6,22.358,22.48,41.733,639.667,625.0,655.0
2025-03-10 10:04:00,Lab-305,6,22.945,23.05,44.417,1432.0,1423.0,1438.0
2025-03-10 10:04:00,Lecture-101,6,23.648,23.99,43.817,1124.667,1117.0,1133.0
2025-03-10 10:04:00,Library-1F,6,21.762,21.93,39.833,709.333,702.0,717.0
2025-03-10 10:04:00,Study-Hall,6,22.392,22.46,41.217,852.333,849.0,855.0
2025-03-10 10:05:00,Canteen,6,24.245,24.39,50.933,830.667,817.0,847.0
2025-03-10 10:05:00,Lab-201,6,22.283,22.37,41.767,619.333,605.0,630.0
2025-03-10 10:05:00,Lab-305,6,22.915,23.0,44.117,1445.0,1433.0,1457.0
2025-03-10 10:05:00,Lecture-101,6,23.332,23.56,44.05,1138.833,1132.0,1144.0
2025-03-10 10:05:00,Library-1F,6,21.733,21.8,39.6,711.667,703.0,717.0
2025-03-10 10:05:00,Study-Hall,6,22.45,22.48,41.3,851.333,841.0,860.0
2025-03-10 10:06:00,Canteen,6,24.33,24.48,51.15,859.333,850.0,867.0
2025-03-10 10:06:00,Lab-201,6,22.328,22.42,41.833,596.0,581.0,609.0
2025-03-10 10:06:00,Lab-305,6,22.91,23.09,44.2,1461.5,1448.0,1478.0
2025-03-10 10:06:00,Lecture-101,6,23.09,23.18,43.9,1134.333,1124.0,1141.0
2025-03-10 10:06:00,Library-1F,6,21.755,21.83,39.817,701.0,687.0,710.0
2025-03-10 10:06:00,Study-Hall,6,22.387,22.46,41.183,854.833,847.0,862.0
2025-03-10 10:07:00,Canteen,6,24.32,24.37,51.6,884.0,867.0,893.0
2025-03-10 10:07:00,Lab-201,6,22.282,22.42,41.567,575.833,565.0,584.0
2025-03-10 10:07:00,Lab-305,6,22.97,23.07,44.367,1482.667,1473.0,1494.0
2025-03-10 10:07:00,Lecture-101,6,22.963,23.14,43.967,1138.333,1131.0,1157.0
2025-03-10 10:07:00,Library-1F,6,21.715,21.77,39.967,703.0,696.0,708.0
2025-03-10 10:07:00,Study-Hall,6,22.348,22.41,41.25,859.0,855.0,867.0
2025-03-10 10:08:00,Canteen,6,24.44,24.52,52.15,899.667,881.0,915.0
2025-03-10 10:08:00,Lab-201,6,22.207,22.3,41.333,557.333,552.0,569.0
2025-03-10 10:08:00,Lab-305,6,22.945,23.03,43.95,1493.0,1484.0,1499.0
2025-03-10 10:08:00,Lecture-101,6,22.825,22.95,43.6,1132.667,1119.0,1140.0
2025-03-10 10:08:00,Library-1F,6,21.775,21.88,39.883,706.333,704.0,710.0
2025-03-10 10:08:00,Study-Hall,6,22.398,22.48,41.25,856.333,851.0,863.0
2025-03-10 10:09:00,Canteen,6,24.542,24.72,52.217,917.333,911.0,930.0
2025-03-10 10:09:00,Lab-201,6,22.168,22.22,41.617,544.333,532.0,554.0
2025-03-10 10:09:00,Lab-305,6,22.983,23.05,46.938,1508.5,1503.0,1516.0
2025-03-10 10:09:00,Lecture-101,6,22.78,22.85,43.85,1129.5,1117.0,1139.0
2025-03-10 10:09:00,Library-1F,6,21.795,21.9,39.533,705.0,697.0,710.0
2025-03-10 10:09:00,Study-Hall,6,22.38,22.46,41.117,858.333,853.0,865.0
2025-03-10 10:10:00,Canteen,6,24.605,24.75,52.0,928.833,924.0,940.0
2025-03-10 10:10:00,Lab-201,6,22.245,22.33,41.467,565.333,548.0,582.0
2025-03-10 10:10:00,Lab-305,6,22.902,22.97,44.1,1531.167,1516.0,1544.0
2025-03-10 10:10:00,Lecture-101,6,22.787,22.86,44.05,1126.667,1115.0,1138.0
2025-03-10 10:10:00,Library-1F,6,21.722,21.84,39.783,704.667,701.0,711.0
2025-03-10 10:10:00,Study-Hall,6,22.375,22.5,41.4,866.833,856.0,877.0
2025-03-10 10:11:00,Canteen,6,24.625,24.73,52.633,937.5,927.0,945.0
2025-03-10 10:11:00,Lab-201,6,22.27,22.34,41.6,600.333,582.0,612.0
2025-03-10 10:11:00,Lab-305,6,22.94,23.11,44.383,1543.0,1533.0,1551.0
2025-03-10 10:11:00,Lecture-101,6,22.79,22.87,43.917,1132.333,1125.0,1138.0
2025-03-10 10:11:00,Library-1F,6,21.757,21.87,39.65,702.667,695.0,708.0
2025-03-10 10:11:00,Study-Hall,6,22.402,22.58,41.25,869.5,861.0,877.0
2025-03-10 10:12:00,Canteen,6,24.682,24.81,52.767,951.0,945.0,959.0
2025-03-10 10:12:00,Lab-201,6,22.362,22.46,42.033,637.333,627.0,657.0
2025-03-10 10:12:00,Lab-305,6,22.947,23.04,44.233,1561.667,1554.0,1568.0
2025-03-10 10:12:00,Lecture-101,6,22.68,22.76,44.067,1135.667,1130.0,1144.0
2025-03-10 10:12:00,Library-1F,6,21.698,21.8,40.033,704.167,700.0,708.0
2025-03-10 10:12:00,Study-Hall,6,22.408,22.49,41.283,868.667,864.0,876.0
2025-03-10 10:13:00,Canteen,6,24.712,24.92,52.917,954.333,940.0,966.0
2025-03-10 10:13:00,Lab-201,6,22.427,22.51,41.65,655.333,645.0,675.0
2025-03-10 10:13:00,Lab-305,6,22.908,23.0,44.217,1580.167,1572.0,1595.0
2025-03-10 10:13:00,Lecture-101,6,22.7,22.81,43.933,1131.333,1128.0,1135.0
2025-03-10 10:13:00,Library-1F,6,21.74,21.81,39.933,705.833,699.0,713.0
2025-03-10 10:13:00,Study-Hall,6,22.388,22.45,41.367,876.667,870.0,882.0
2025-03-10 10:14:00,Canteen,6,24.788,24.86,53.033,963.0,954.0,972.0
2025-03-10 10:14:00,Lab-201,6,22.405,22.53,41.583,687.333,678.0,697.0
2025-03-10 10:14:00,Lab-305,6,22.952,23.08,44.2,1598.333,1592.0,1609.0
2025-03-10 10:14:00,Lecture-101,6,22.695,22.84,44.1,1129.0,1119.0,1137.0
2025-03-10 10:14:00,Library-1F,6,21.723,21.78,39.733,713.333,707.0,719.0
2025-03-10 10:14:00,Study-Hall,6,22.428,22.54,41.2,872.333,864.0,885.0
2025-03-10 10:15:00,Canteen,6,24.787,25.01,53.267,965.333,955.0,976.0
2025-03-10 10:15:00,Lab-201,6,22.438,22.53,42.067,703.667,692.0,718.0
2025-03-10 10:15:00,Lab-305,6,22.945,23.06,44.183,1569.333,1536.0,1588.0
2025-03-10 10:15:00,Lecture-101,6,22.692,22.8,43.85,1128.833,1124.0,1135.0
2025-03-10 10:15:00,Library-1F,6,21.718,21.82,39.85,708.667,696.0,715.0
2025-03-10 10:15:00,Study-Hall,6,22.452,22.57,41.133,871.0,868.0,880.0
2025-03-10 10:16:00,Canteen,6,24.848,24.92,53.45,970.167,963.0,979.0
2025-03-10 10:16:00,Lab-201,6,22.472,22.58,42.0,719.0,706.0,727.0
2025-03-10 10:16:00,Lab-305,6,22.993,23.16,44.183,1516.5,1496.0,1537.0
2025-03-10 10:16:00,Lecture-101,6,22.765,22.9,43.8,1132.5,1128.0,1139.0
2025-03-10 10:16:00,Library-1F,6,21.735,21.88,39.733,715.667,711.0,720.0
2025-03-10 10:16:00,Study-Hall,6,22.415,22.53,41.333,872.333,866.0,878.0
2025-03-10 10:17:00,Canteen,6,24.862,24.94,53.233,972.167,961.0,980.0
2025-03-10 10:17:00,Lab-201,6,22.375,22.54,42.017,748.167,743.0,754.0
2025-03-10 10:17:00,Lab-305,6,22.888,22.98,44.05,1461.333,1438.0,1490.0
2025-03-10 10:17:00,Lecture-101,6,22.723,22.82,43.8,1131.167,1120.0,1141.0
2025-03-10 10:17:00,Library-1F,6,21.73,21.77,39.617,724.667,715.0,733.0
2025-03-10 10:17:00,Study-Hall,6,22.397,22.46,41.45,869.5,863.0,876.0
2025-03-10 10:18:00,Canteen,6,24.827,24.93,53.7,971.5,966.0,981.0
2025-03-10 10:18:00,Lab-201,6,22.487,22.57,42.067,753.833,751.0,755.0
2025-03-10 10:18:00,Lab-305,6,22.902,22.97,44.083,1407.5,1387.0,1434.0
2025-03-10 10:18:00,Lecture-101,6,22.667,22.91,43.75,1129.5,1124.0,1137.0
2025-03-10 10:18:00,Library-1F,6,21.712,21.79,39.667,721.667,715.0,732.0
2025-03-10 10:18:00,Study-Hall,6,22.408,22.52,41.5,867.667,855.0,875.0
2025-03-10 10:19:00,Canteen,6,24.9,25.07,53.75,979.667,975.0,982.0
2025-03-10 10:19:00,Lab-201,6,22.488,22.62,42.217,769.833,761.0,780.0
2025-03-10 10:19:00,Lab-305,6,22.948,23.08,44.267,1362.833,1347.0,1377.0
2025-03-10 10:19:00,Lecture-101,6,22.718,22.81,43.65,1131.833,1128.0,1137.0
2025-03-10 10:19:00,Library-1F,6,21.695,21.79,39.7,729.5,725.0,734.0
2025-03-10 10:19:00,Study-Hall,6,22.467,22.57,41.283,872.833,863.0,879.0
2025-03-10 10:20:00,Canteen,6,24.937,25.06,53.683,981.5,976.0,990.0
2025-03-10 10:20:00,Lab-201,6,22.507,22.61,42.183,779.667,774.0,786.0
2025-03-10 10:20:00,Lab-305,6,22.96,23.05,44.4,1325.667,1305.0,1342.0
2025-03-10 10:20:00,Lecture-101,6,22.598,22.71,43.967,1091.0,1069.0,1112.0
2025-03-10 10:20:00,Library-1F,6,21.68,21.68,39.3,731.0,731.0,731.0
2025-03-10 10:20:00,Study-Hall,6,22.432,22.59,41.4,873.0,867.0,881.0
2025-03-10 10:21:00,Canteen,6,24.92,25.0,53.95,975.667,971.0,980.0
2025-03-10 10:21:00,Lab-201,6,22.565,22.58,42.55,786.833,778.0,798.0
2025-03-10 10:21:00,Lab-305,6,22.93,23.03,44.2,1280.833,1268.0,1296.0
2025-03-10 10:21:00,Lecture-101,6,22.513,22.63,43.45,1042.833,1022.0,1071.0
2025-03-10 10:21:00,Library-1F,6,21.68,21.68,39.3,731.0,731.0,731.0
2025-03-10 10:21:00,Study-Hall,6,22.403,22.56,41.133,880.167,871.0,891.0
2025-03-10 10:22:00,Canteen,6,24.968,25.09,54.1,977.167,968.0,983.0
2025-03-10 10:22:00,Lab-201,6,22.555,22.71,42.417,794.167,785.0,807.0
2025-03-10 10:22:00,Lab-305,6,22.987,23.04,44.083,1251.167,1238.0,1268.0
2025-03-10 10:22:00,Lecture-101,6,22.405,22.49,42.9,992.0,973.0,1009.0
2025-03-10 10:22:00,Library-1F,6,21.68,21.68,39.3,731.0,731.0,731.0
2025-03-10 10:22:00,Study-Hall,6,22.403,22.48,41.267,874.167,867.0,888.0
2025-03-10 10:23:00,Canteen,6,24.928,25.05,54.25,979.0,968.0,991.0
2025-03-10 10:23:00,Lab-201,6,22.543,22.62,42.65,800.667,789.0,811.0
2025-03-10 10:23:00,Lab-305,6,22.992,23.06,43.867,1215.667,1198.0,1237.0
2025-03-10 10:23:00,Lecture-101,6,22.323,22.42,42.55,941.167,925.0,961.0
2025-03-10 10:23:00,Library-1F,6,21.68,21.68,39.3,731.0,731.0,731.0
2025-03-10 10:23:00,Study-Hall,6,22.42,22.47,41.6,869.333,863.0,877.0
2025-03-10 10:24:00,Canteen,6,24.962,25.11,54.417,986.0,975.0,994.0
2025-03-10 10:24:00,Lab-201,6,22.513,22.61,42.7,816.667,813.0,821.0
2025-03-10 10:24:00,Lab-305,6,23.018,23.13,43.983,1185.333,1169.0,1204.0
2025-03-10 10:24:00,Lecture-101,6,22.273,22.34,42.6,906.5,890.0,916.0
2025-03-10 10:24:00,Library-1F,6,21.68,21.68,39.3,731.0,731.0,731.0
2025-03-10 10:24:00,Study-Hall,6,22.402,22.57,41.35,864.333,858.0,868.0
2025-03-10 10:25:00,Canteen,6,24.992,25.11,54.133,985.833,981.0,993.0
2025-03-10 10:25:00,Lab-201,6,22.578,22.68,42.75,823.167,815.0,830.0
2025-03-10 10:25:00,Lab-305,6,22.958,23.05,44.433,1163.0,1151.0,1174.0
2025-03-10 10:25:00,Lecture-101,6,22.17,22.27,42.117,868.5,853.0,879.0
2025-03-10 10:25:00,Library-1F,6,21.68,21.68,39.3,731.0,731.0,731.0
2025-03-10 10:25:00,Study-Hall,6,22.365,22.47,41.633,856.5,852.0,864.0
2025-03-10 10:26:00,Canteen,6,24.99,25.05,54.467,980.833,974.0,986.0
2025-03-10 10:26:00,Lab-201,6,22.563,22.66,42.617,829.667,823.0,835.0
2025-03-10 10:26:00,Lab-305,6,22.915,22.97,44.2,1134.5,1121.0,1142.0
2025-03-10 10:26:00,Lecture-101,6,22.163,22.29,41.983,827.667,812.0,848.0
2025-03-10 10:26:00,Library-1F,6,21.68,21.68,39.3,731.0,731.0,731.0
2025-03-10 10:26:00,Study-Hall,6,22.39,22.49,41.483,860.833,857.0,868.0
2025-03-10 10:27:00,Canteen,6,25.073,25.21,54.567,984.833,979.0,991.0
2025-03-10 10:27:00,Lab-201,6,22.545,22.67,42.617,834.0,828.0,837.0
2025-03-10 10:27:00,Lab-305,6,22.953,23.17,43.95,1111.5,1098.0,1123.0
2025-03-10 10:27:00,Lecture-101,6,22.065,22.19,41.7,802.167,786.0,819.0
2025-03-10 10:27:00,Library-1F,6,21.68,21.68,39.3,731.0,731.0,731.0
2025-03-10 10:27:00,Study-Hall,6,22.415,22.49,41.3,855.5,849.0,860.0
2025-03-10 10:28:00,Canteen,6,25.005,25.14,54.367,979.833,969.0,989.0
2025-03-10 10:28:00,Lab-201,6,22.61,22.71,42.633,841.5,831.0,850.0
2025-03-10 10:28:00,Lab-305,6,22.938,23.02,44.233,1082.167,1070.0,1107.0
2025-03-10 10:28:00,Lecture-101,6,21.958,22.01,41.533,772.833,757.0,794.0
2025-03-10 10:28:00,Library-1F,6,21.68,21.68,39.3,731.0,731.0,731.0
2025-03-10 10:28:00,Study-Hall,6,22.418,22.45,41.1,849.5,846.0,853.0
2025-03-10 10:29:00,Canteen,6,25.018,25.11,54.75,981.333,973.0,989.0
2025-03-10 10:29:00,Lab-201,6,22.652,22.82,42.7,842.667,834.0,853.0
2025-03-10 10:29:00,Lab-305,6,22.963,22.99,44.233,1059.0,1041.0,1075.0
2025-03-10 10:29:00,Lecture-101,6,21.935,22.03,41.267,739.0,724.0,748.0
2025-03-10 10:29:00,Library-1F,6,21.68,21.68,39.3,731.0,731.0,731.0
2025-03-10 10:29:00,Study-Hall,6,22.403,22.45,41.317,852.0,845.0,861.0
2025-03-10 10:30:00,Canteen,6,24.998,25.18,54.767,981.333,977.0,988.0
2025-03-10 10:30:00,Lab-201,6,22.617,22.73,42.467,842.0,831.0,852.0
2025-03-10 10:30:00,Lab-305,6,22.927,23.01,44.3,1028.167,1008.0,1045.0
2025-03-10 10:30:00,Lecture-101,6,21.925,22.01,40.983,724.167,712.0,748.0
2025-03-10 10:30:00,Library-1F,6,21.68,21.68,39.3,731.0,731.0,731.0
2025-03-10 10:30:00,Study-Hall,6,22.428,22.56,41.567,855.0,849.0,863.0
2025-03-10 10:31:00,Canteen,6,25.015,25.12,54.783,985.167,970.0,992.0
2025-03-10 10:31:00,Lab-201,6,22.605,22.71,42.8,844.667,833.0,854.0
2025-03-10 10:31:00,Lab-305,6,22.925,23.02,44.15,1008.833,999.0,1021.0
2025-03-10 10:31:00,Lecture-101,6,21.887,21.98,40.767,702.5,691.0,715.0
2025-03-10 10:31:00,Library-1F,6,21.68,21.68,39.3,731.0,731.0,731.0
2025-03-10 10:31:00,Study-Hall,6,22.4,22.61,41.5,859.5,851.0,871.0
2025-03-10 10:32:00,Canteen,6,25.005,25.05,54.85,984.333,972.0,989.0
2025-03-10 10:32:00,Lab-201,6,22.638,22.73,42.8,841.333,836.0,849.0
2025-03-10 10:32:00,Lab-305,6,22.968,23.08,44.55,985.833,971.0,998.0
2025-03-10 10:32:00,Lecture-101,6,21.833,21.93,40.567,675.333,656.0,692.0
2025-03-10 10:32:00,Library-1F,6,21.68,21.68,39.3,731.0,731.0,731.0
2025-03-10 10:32:00,Study-Hall,6,22.395,22.46,41.2,866.333,860.0,876.0
2025-03-10 10:33:00,Canteen,6,25.038,25.1,54.733,982.667,974.0,991.0
2025-03-10 10:33:00,Lab-201,6,22.527,22.58,42.717,852.167,841.0,863.0
2025-03-10 10:33:00,Lab-305,6,22.988,23.1,44.25,970.833,963.0,982.0
2025-03-10 10:33:00,Lecture-101,6,21.778,21.81,40.55,657.167,645.0,670.0
2025-03-10 10:33:00,Library-1F,6,21.68,21.68,39.3,731.0,731.0,731.0
2025-03-10 10:33:00,Study-Hall,6,22.373,22.48,41.333,859.333,850.0,871.0
2025-03-10 10:34:00,Canteen,6,25.088,25.25,54.5,982.167,974.0,988.0
2025-03-10 10:34:00,Lab-201,6,22.632,22.71,42.867,855.5,850.0,863.0
2025-03-10 10:34:00,Lab-305,6,22.958,23.06,44.083,963.5,957.0,970.0
2025-03-10 10:34:00,Lecture-101,6,21.707,21.8,40.067,634.5,626.0,650.0
2025-03-10 10:34:00,Library-1F,6,21.68,21.68,39.3,731.0,731.0,731.0
2025-03-10 10:34:00,Study-Hall,6,22.425,22.49,41.283,863.333,856.0,872.0
2025-03-10 10:35:00,Canteen,6,25.1,25.23,54.867,983.833,975.0,990.0
2025-03-10 10:35:00,Lab-201,6,22.632,22.73,42.9,847.333,844.0,851.0
2025-03-10 10:35:00,Lab-305,6,22.93,22.99,44.5,953.667,941.0,965.0
2025-03-10 10:35:00,Lecture-101,6,21.827,21.86,40.35,643.667,636.0,650.0
2025-03-10 10:35:00,Library-1F,6,21.712,21.77,39.633,726.333,715.0,733.0
2025-03-10 10:35:00,Study-Hall,6,22.443,22.64,41.35,860.333,852.0,877.0
2025-03-10 10:36:00,Canteen,6,25.045,25.19,54.883,986.5,978.0,992.0
2025-03-10 10:36:00,Lab-201,6,22.59,22.71,42.983,850.667,846.0,859.0
2025-03-10 10:36:00,Lab-305,6,22.933,23.01,44.433,933.0,927.0,938.0
2025-03-10 10:36:00,Lecture-101,6,21.827,21.98,40.5,665.833,653.0,679.0
2025-03-10 10:36:00,Library-1F,6,21.702,21.8,39.383,729.167,726.0,734.0
2025-03-10 10:36:00,Study-Hall,6,22.473,22.61,41.45,859.667,849.0,868.0
2025-03-10 10:37:00,Canteen,6,25.08,25.18,55.017,987.167,975.0,994.0
2025-03-10 10:37:00,Lab-201,6,22.663,22.77,43.433,855.333,849.0,862.0
2025-03-10 10:37:00,Lab-305,6,22.92,23.01,44.233,922.0,914.0,941.0
2025-03-10 10:37:00,Lecture-101,6,21.947,22.04,40.717,693.0,683.0,704.0
2025-03-10 10:37:00,Library-1F,6,21.687,21.85,39.533,731.167,724.0,735.0
2025-03-10 10:37:00,Study-Hall,6,22.397,22.59,41.383,865.0,859.0,870.0
2025-03-10 10:38:00,Canteen,6,25.032,25.08,54.933,986.667,984.0,992.0
2025-03-10 10:38:00,Lab-201,6,22.652,22.72,43.067,849.333,841.0,858.0
2025-03-10 10:38:00,Lab-305,6,22.972,23.03,44.4,902.333,888.0,911.0
2025-03-10 10:38:00,Lecture-101,6,21.94,22.0,40.85,720.5,705.0,732.0
2025-03-10 10:38:00,Library-1F,6,21.71,21.79,39.817,732.333,726.0,737.0
2025-03-10 10:38:00,Study-Hall,6,22.383,22.51,41.333,869.667,863.0,883.0
2025-03-10 10:39:00,Canteen,6,25.07,25.15,55.067,988.333,984.0,997.0
2025-03-10 10:39:00,Lab-201,6,22.627,22.7,43.0,849.667,843.0,855.0
2025-03-10 10:39:00,Lab-305,6,22.975,23.07,44.367,895.0,885.0,903.0
2025-03-10 10:39:00,Lecture-101,6,22.005,22.14,41.083,748.167,736.0,752.0
2025-03-10 10:39:00,Library-1F,6,21.742,21.81,39.533,733.333,725.0,741.0
2025-03-10 10:39:00,Study-Hall,6,22.44,22.55,41.4,868.333,857.0,880.0
2025-03-10 10:40:00,Lab-201,6,22.607,22.7,42.983,845.667,835.0,857.0
2025-03-10 10:40:00,Lab-305,6,22.963,23.02,44.267,877.5,869.0,889.0
2025-03-10 10:40:00,Lecture-101,6,22.02,22.13,40.95,755.5,741.0,765.0
2025-03-10 10:40:00,Library-1F,6,21.76,21.85,39.867,728.833,721.0,739.0
2025-03-10 10:40:00,Study-Hall,6,22.423,22.54,41.85,865.5,862.0,870.0
2025-03-10 10:41:00,Lab-201,6,23.322,26.9,42.8,851.5,844.0,854.0
2025-03-10 10:41:00,Lab-305,6,22.957,23.04,44.367,867.167,862.0,871.0
2025-03-10 10:41:00,Lecture-101,6,22.155,22.25,41.05,775.333,759.0,790.0
2025-03-10 10:41:00,Library-1F,6,21.807,22.03,39.517,731.5,722.0,736.0
2025-03-10 10:41:00,Study-Hall,6,22.48,22.61,41.583,854.0,843.0,861.0
2025-03-10 10:42:00,Lab-201,6,22.67,22.81,43.3,854.0,842.0,863.0
2025-03-10 10:42:00,Lab-305,6,22.905,22.96,44.4,853.167,842.0,867.0
2025-03-10 10:42:00,Lecture-101,6,22.078,22.2,41.0,782.833,769.0,795.0
2025-03-10 10:42:00,Library-1F,6,21.703,21.82,39.783,726.833,721.0,741.0
2025-03-10 10:42:00,Study-Hall,6,22.425,22.55,41.733,856.833,850.0,870.0
2025-03-10 10:43:00,Lab-201,6,22.738,22.87,42.833,862.5,857.0,868.0
2025-03-10 10:43:00,Lab-305,6,22.918,23.04,44.367,850.5,846.0,857.0
2025-03-10 10:43:00,Lecture-101,6,22.178,22.29,41.133,804.5,796.0,811.0
2025-03-10 10:43:00,Library-1F,6,21.755,21.89,39.65,735.333,729.0,742.0
2025-03-10 10:43:00,Study-Hall,6,22.41,22.47,41.683,864.333,859.0,871.0
2025-03-10 10:44:00,Lab-201,6,22.625,22.75,42.967,867.0,857.0,874.0
2025-03-10 10:44:00,Lab-305,6,22.975,23.09,44.433,840.167,835.0,846.0
2025-03-10 10:44:00,Lecture-101,6,22.14,22.23,41.2,819.833,811.0,832.0
2025-03-10 10:44:00,Library-1F,6,21.752,21.87,39.683,730.667,721.0,744.0
2025-03-10 10:44:00,Study-Hall,6,22.408,22.52,41.433,868.0,862.0,872.0
2025-03-10 10:45:00,Lab-201,6,22.632,22.73,43.367,865.833,851.0,875.0
2025-03-10 10:45:00,Lab-305,6,22.923,23.08,44.167,830.667,824.0,835.0
2025-03-10 10:45:00,Lecture-101,6,22.2,22.28,41.483,831.0,821.0,837.0
2025-03-10 10:45:00,Library-1F,6,21.797,22.0,39.517,730.667,722.0,742.0
2025-03-10 10:45:00,Study-Hall,6,22.403,22.47,41.283,869.5,857.0,877.0
2025-03-10 10:46:00,Lab-201,6,22.655,22.75,43.233,860.5,857.0,870.0
2025-03-10 10:46:00,Lab-305,6,22.942,23.14,44.25,820.667,809.0,838.0
2025-03-10 10:46:00,Lecture-101,6,22.222,22.32,41.55,847.0,839.0,858.0
2025-03-10 10:46:00,Library-1F,6,21.782,21.92,39.7,726.333,724.0,731.0
2025-03-10 10:46:00,Study-Hall,6,22.378,22.46,41.4,872.5,866.0,879.0
2025-03-10 10:47:00,Lab-201,6,22.667,22.74,42.95,858.5,849.0,867.0
2025-03-10 10:47:00,Lab-305,6,22.935,23.0,44.467,817.667,810.0,826.0
2025-03-10 10:47:00,Lecture-101,6,22.203,22.32,41.483,853.833,842.0,872.0
2025-03-10 10:47:00,Library-1F,6,21.77,21.86,39.817,723.5,718.0,727.0
2025-03-10 10:47:00,Study-Hall,6,22.332,22.45,41.633,871.167,861.0,881.0
2025-03-10 10:48:00,Canteen,6,23.898,23.95,50.683,512.833,505.0,528.0
2025-03-10 10:48:00,Lab-201,6,22.678,22.78,43.417,856.833,852.0,859.0
2025-03-10 10:48:00,Lab-305,6,23.005,23.11,44.15,807.0,800.0,814.0
2025-03-10 10:48:00,Lecture-101,6,22.205,22.29,41.4,865.5,856.0,874.0
2025-03-10 10:48:00,Library-1F,6,21.747,21.94,39.533,733.0,724.0,738.0
2025-03-10 10:48:00,Study-Hall,6,22.395,22.54,41.717,867.833,860.0,878.0
2025-03-10 10:49:00,Canteen,6,23.84,23.93,50.2,496.333,484.0,509.0
2025-03-10 10:49:00,Lab-201,6,23.388,26.73,42.783,853.167,841.0,868.0
2025-03-10 10:49:00,Lab-305,6,22.913,22.99,44.217,805.0,791.0,813.0
2025-03-10 10:49:00,Lecture-101,6,22.288,22.39,41.65,872.333,864.0,879.0
2025-03-10 10:49:00,Library-1F,6,21.735,21.8,39.717,735.5,731.0,743.0
2025-03-10 10:49:00,Study-Hall,6,22.385,22.48,41.35,863.333,851.0,870.0
2025-03-10 10:50:00,Canteen,6,23.68,23.71,50.083,488.333,475.0,496.0
2025-03-10 10:50:00,Lab-201,6,22.673,22.75,43.033,852.333,843.0,857.0
2025-03-10 10:50:00,Lab-305,6,22.94,23.08,43.9,800.667,791.0,807.0
2025-03-10 10:50:00,Lecture-101,6,22.27,22.35,41.417,879.833,872.0,886.0
2025-03-10 10:50:00,Library-1F,6,21.723,21.75,39.467,735.333,729.0,743.0
2025-03-10 10:50:00,Study-Hall,6,22.372,22.48,41.467,834.833,820.0,855.0
2025-03-10 10:51:00,Canteen,6,23.613,23.69,49.367,474.167,459.0,482.0
2025-03-10 10:51:00,Lab-201,6,22.638,22.82,43.367,855.0,851.0,867.0
2025-03-10 10:51:00,Lab-305,6,23.002,23.15,44.083,789.833,776.0,795.0
2025-03-10 10:51:00,Lecture-101,6,22.32,22.39,41.95,890.833,883.0,898.0
2025-03-10 10:51:00,Library-1F,6,21.763,21.8,39.6,737.167,728.0,741.0
2025-03-10 10:51:00,Study-Hall,6,22.27,22.33,41.15,788.167,766.0,811.0
2025-03-10 10:52:00,Canteen,6,23.608,23.67,49.133,460.5,452.0,469.0
2025-03-10 10:52:00,Lab-201,6,22.735,22.83,43.05,850.667,845.0,859.0
2025-03-10 10:52:00,Lab-305,6,22.913,23.01,44.25,788.833,782.0,792.0
2025-03-10 10:52:00,Lecture-101,6,22.295,22.41,41.883,893.833,888.0,901.0
2025-03-10 10:52:00,Library-1F,6,21.75,21.84,40.15,728.833,724.0,736.0
2025-03-10 10:52:00,Study-Hall,6,22.207,22.36,41.25,749.167,731.0,764.0
2025-03-10 10:53:00,Canteen,6,23.622,23.7,49.1,448.833,442.0,458.0
2025-03-10 10:53:00,Lab-201,6,22.602,22.68,43.2,848.333,843.0,852.0
2025-03-10 10:53:00,Lab-305,6,22.917,23.09,44.4,779.333,774.0,787.0
2025-03-10 10:53:00,Lecture-101,6,22.31,22.41,42.033,899.5,884.0,912.0
2025-03-10 10:53:00,Library-1F,6,21.71,21.79,39.717,731.167,725.0,736.0
2025-03-10 10:53:00,Study-Hall,6,22.153,22.3,40.65,718.667,696.0,739.0
2025-03-10 10:54:00,Canteen,6,23.45,23.55,48.967,447.167,438.0,456.0
2025-03-10 10:54:00,Lab-201,6,22.655,22.75,46.937,851.333,846.0,859.0
2025-03-10 10:54:00,Lab-305,6,23.008,23.04,44.4,781.0,775.0,787.0
2025-03-10 10:54:00,Lecture-101,6,22.292,22.42,41.9,903.0,894.0,914.0
2025-03-10 10:54:00,Library-1F,6,21.82,21.92,39.767,729.333,720.0,743.0
2025-03-10 10:54:00,Study-Hall,6,22.052,22.13,40.45,692.833,685.0,708.0
2025-03-10 10:55:00,Canteen,6,23.375,23.52,48.317,594.142,441.0,1326.85
2025-03-10 10:55:00,Lab-201,6,22.645,22.77,43.083,843.5,840.0,848.0
2025-03-10 10:55:00,Lab-305,6,22.918,23.02,44.4,779.333,770.0,792.0
2025-03-10 10:55:00,Lecture-101,6,22.363,22.48,41.717,908.333,900.0,919.0
2025-03-10 10:55:00,Library-1F,6,21.775,21.84,39.833,729.0,726.0,738.0
2025-03-10 10:55:00,Study-Hall,6,21.99,22.05,40.133,663.0,648.0,681.0
2025-03-10 10:56:00,Canteen,6,23.358,23.51,48.4,445.667,432.0,455.0
2025-03-10 10:56:00,Lab-201,6,22.648,22.73,43.017,850.667,842.0,857.0
2025-03-10 10:56:00,Lab-305,6,22.922,22.97,44.483,776.167,766.0,793.0
2025-03-10 10:56:00,Lecture-101,6,22.317,22.45,42.25,915.167,908.0,924.0
2025-03-10 10:56:00,Library-1F,6,21.757,21.92,39.6,730.167,717.0,743.0
2025-03-10 10:56:00,Study-Hall,6,21.978,22.02,39.65,631.167,617.0,644.0
2025-03-10 10:57:00,Canteen,6,23.353,23.47,48.217,435.5,426.0,446.0
2025-03-10 10:57:00,Lab-201,6,22.718,22.79,43.333,849.5,840.0,855.0
2025-03-10 10:57:00,Lab-305,6,22.947,23.03,44.333,766.5,761.0,773.0
2025-03-10 10:57:00,Lecture-101,6,22.295,22.44,42.05,919.333,914.0,928.0
2025-03-10 10:57:00,Library-1F,6,21.717,21.79,39.4,731.5,729.0,735.0
2025-03-10 10:57:00,Study-Hall,6,21.91,22.0,39.633,611.667,601.0,629.0
2025-03-10 10:58:00,Canteen,6,23.355,23.49,47.933,427.833,422.0,432.0
2025-03-10 10:58:00,Lab-201,6,22.663,22.76,42.917,849.0,839.0,856.0
2025-03-10 10:58:00,Lab-305,6,22.937,23.0,44.2,771.0,763.0,781.0
2025-03-10 10:58:00,Lecture-101,6,22.302,22.36,42.067,920.833,914.0,930.0
2025-03-10 10:58:00,Library-1F,6,21.738,21.93,39.85,726.0,718.0,735.0
2025-03-10 10:58:00,Study-Hall,6,21.885,21.95,39.45,591.167,582.0,600.0
2025-03-10 10:59:00,Canteen,6,23.26,23.38,47.483,431.5,428.0,435.0
2025-03-10 10:59:00,Lab-201,6,22.682,22.76,43.083,848.5,844.0,854.0
2025-03-10 10:59:00,Lab-305,6,22.94,23.0,44.583,765.167,761.0,771.0
2025-03-10 10:59:00,Lecture-101,6,22.375,22.53,42.417,921.167,910.0,931.0
2025-03-10 10:59:00,Library-1F,6,21.753,21.83,39.733,726.0,718.0,738.0
2025-03-10 10:59:00,Study-Hall,6,21.85,21.93,39.283,573.333,566.0,581.0
